{
  "users": [
    {
      "email": "lais@gmail.com",
      "password": "$2a$10$2yDMGsxCfwsyjIhNOvjS9O8ogFnYIkAzK8kWiJOVkAkFHzEFDKhKu",
      "name": "Lais",
      "id": 1
    },
    {
      "email": "werlon.oliveira@pucminas.br",
      "password": "$2a$10$1ZfzGGnK7VYgVn7WuLixiOXiSEXG6.y5I1WUy/G0zK.hh/lIlz/9u",
      "name": "Werlon",
      "id": 2
    },
    {
      "email": "will@gmai.com",
      "password": "$2a$10$b8WciDHeDKooTAieTqLFjePUi7ETH6pJgDbxEjhv1xSEAH/4dkkg2",
      "name": "Will",
      "id": 3
    },
    {
      "email": "jessica@gmail.com",
      "password": "$2a$10$fyXA4ohtWXEm2uw2Xw/L.uxcPmGT9xJm.e53grNRDKi6LWJoK8VY.",
      "name": "Jessica",
      "id": 4
    }
  ],
  "products": [
    {
      "descricao": "Banana prata",
      "marca": "-",
      "preco": 8.99,
      "quantidade": 30,
      "unidade": "kg",
      "dt_de_cadastro": "23/12/2022",
      "estabelecimento": "Feirao da fartura",
      "id": 1
    },
    {
      "descricao": "Queijo minas",
      "marca": "serro",
      "preco": 34.9,
      "quantidade": 15,
      "unidade": "kg",
      "dt_de_cadastro": "01/06/2021",
      "estabelecimento": "Villefort",
      "id": 2
    },
    {
      "descricao": "Mamao hawai",
      "marca": "-",
      "preco": 7.99,
      "quantidade": 20,
      "unidade": "kg",
      "dt_de_cadastro": "23/12/2022",
      "estabelecimento": "Feirao da fartura",
      "id": 3
    },
    {
      "descricao": "Banana prata",
      "marca": "-",
      "preco": 5.99,
      "quantidade": 25,
      "unidade": "kg",
      "dt_de_cadastro": "23/02/2022",
      "estabelecimento": "Feirao da fartura",
      "id": 4
    },
    {
      "descricao": "Feijão preto",
      "marca": "Codil",
      "preco": 8.59,
      "quantidade": 28,
      "unidade": "kg",
      "dt_de_cadastro": "22/10/2022",
      "estabelecimento": "Supermercado Epa",
      "id": 5
    },
    {
      "descricao": "Arroz branco",
      "marca": "Prato-Fino",
      "preco": 21.6,
      "quantidade": 25,
      "unidade": "pct",
      "dt_de_cadastro": "22/10/2022",
      "estabelecimento": "Supermercado Epa",
      "id": 6
    },
    {
      "descricao": "Laranja Pera Rio",
      "marca": "-",
      "preco": 2.99,
      "quantidade": 30,
      "unidade": "kg",
      "dt_de_cadastro": "20/11/2022",
      "estabelecimento": "Feirao da fartura",
      "id": 7
    },
    {
      "descricao": "Leite ",
      "marca": "Camponesa",
      "preco": 4.18,
      "quantidade": 30,
      "unidade": "caixa",
      "dt_de_cadastro": "23/10/2022",
      "estabelecimento": "Villefort",
      "id": 8
    },
    {
      "descricao": "Suco integral uva",
      "marca": "Tial",
      "preco": 6.79,
      "quantidade": 20,
      "unidade": "caixa",
      "dt_de_cadastro": "23/10/2022",
      "estabelecimento": "Villefort",
      "id": 9
    },
    {
      "descricao": "Farinha de trigo",
      "marca": "Dona B'enta",
      "preco": 5.6,
      "quantidade": 15,
      "unidade": "kg",
      "dt_de_cadastro": "22/10/2022",
      "estabelecimento": "Supermercado Epa",
      "id": 10
    }
  ],
  "carts": [
    {
      "id_consumidor": 1,
      "dt_de_cadastro": "23/10/2022",
      "preco": "160",
      "id": 1
    },
    {
      "id_consumidor": 1,
      "dt_de_cadastro": "22/11/2022",
      "preco": "100",
      "id": 2
    },
    {
      "id_consumidor": 2,
      "dt_de_cadastro": "10/11/2022",
      "preco": "80",
      "id": 3
    },
    {
      "id_consumidor": 2,
      "dt_de_cadastro": "22/11/2022",
      "preco": "200",
      "id": 4
    }
  ],
  "carts_products": [
    {
      "descricao": "Arroz",
      "preco": 6.79,
      "quantidade": 1,
      "id": 1,
      "id_carts": 1
    },
    {
      "descricao": "Feijão",
      "preco": 7.89,
      "quantidade": 1,
      "id": 2,
      "id_carts": 1
    },
    {
      "descricao": "Arroz",
      "preco": 5.39,
      "quantidade": 1,
      "id": 4,
      "id_carts": 1
    }
  ],
  "processedList": [
    {
      "idUsuario": 1,
      "lista": 1,
      "idProduto": 15302,
      "icone": "https://cdn-icons-png.flaticon.com/512/5508/5508449.png",
      "produto": "Feijao",
      "preco": "9.50",
      "estabelecimento": "EPA"
    },
    {
      "idUsuario": 1,
      "lista": 1,
      "idProduto": 26520,
      "icone": "https://cdn-icons-png.flaticon.com/512/66/66482.png",
      "produto": "Arroz",
      "preco": "7.45",
      "estabelecimento": "BH"
    },
    {
      "idUsuario": 1,
      "lista": 1,
      "idProduto": 23698,
      "icone": "https://cdn-icons-png.flaticon.com/512/4773/4773040.png",
      "produto": "Macarrão",
      "preco": "6.09",
      "estabelecimento": "DIA"
    },
    {
      "idUsuario": 1,
      "lista": 2,
      "idProduto": 23698,
      "icone": "https://cdn-icons-png.flaticon.com/512/4773/4773040.png",
      "produto": "Macarrão",
      "preco": "6.09",
      "estabelecimento": "DIA"
    },
    {
      "idUsuario": 1,
      "lista": 2,
      "idProduto": 32658,
      "icone": "https://cdn-icons-png.flaticon.com/512/2290/2290569.png",
      "produto": "Creme de Leite",
      "preco": "3.29",
      "estabelecimento": "Apoio Mineiro"
    },
    {
      "idUsuario": 1,
      "lista": 2,
      "idProduto": 15289,
      "icone": "https://cdn-icons-png.flaticon.com/512/1046/1046892.png",
      "produto": "Massa de Tomate",
      "preco": "10.99",
      "estabelecimento": "BH"
    },
    {
      "idUsuario": 1,
      "lista": 2,
      "idProduto": 10258,
      "icone": "https://cdn-icons-png.flaticon.com/512/34/34603.png",
      "produto": "Ketchup",
      "preco": "12.49",
      "estabelecimento": "Castelão"
    },
    {
      "idUsuario": 1,
      "lista": 2,
      "idProduto": 11525,
      "icone": "https://cdn-icons-png.flaticon.com/512/34/34570.png",
      "produto": "Milho",
      "preco": "3.19",
      "estabelecimento": "EPA"
    }
  ]
}